{
  "fixed_lstm": {
    "4": {
      "final_acc": 0.29875,
      "final_loss": 1.4609888792037964,
      "acc_history": [
        0.05125,
        0.20875,
        0.2725,
        0.300625,
        0.2821875,
        0.285625,
        0.3015625,
        0.290625,
        0.2846875,
        0.3053125,
        0.2934375,
        0.2890625,
        0.301875,
        0.288125,
        0.296875,
        0.2915625,
        0.2965625,
        0.295625,
        0.2959375,
        0.2821875,
        0.2959375,
        0.2778125,
        0.27875,
        0.293125,
        0.286875,
        0.296875,
        0.283125,
        0.29625,
        0.295,
        0.320625,
        0.3046875,
        0.2878125,
        0.2928125,
        0.30125,
        0.286875,
        0.2890625,
        0.29125,
        0.3009375,
        0.296875,
        0.294375,
        0.2975,
        0.3040625,
        0.2909375,
        0.298125,
        0.2928125,
        0.280625,
        0.2921875,
        0.2971875,
        0.2896875,
        0.29875
      ],
      "slot_counts": [
        0,
        0,
        0,
        0,
        0,
        0,
        0,
        0,
        0,
        0,
        0,
        0,
        0,
        0,
        0,
        0,
        0,
        0,
        0,
        0,
        0,
        0,
        0,
        0,
        0,
        0,
        0,
        0,
        0,
        0,
        0,
        0,
        0,
        0,
        0,
        0,
        0,
        0,
        0,
        0,
        0,
        0,
        0,
        0,
        0,
        0,
        0,
        0,
        0,
        0
      ],
      "nan_count": 0
    },
    "8": {
      "final_acc": 0.2134375,
      "final_loss": 2.2581710815429688,
      "acc_history": [
        0.0384375,
        0.0740625,
        0.1478125,
        0.158125,
        0.1690625,
        0.1740625,
        0.18375,
        0.1965625,
        0.1821875,
        0.2009375,
        0.189375,
        0.2025,
        0.19875,
        0.2046875,
        0.198125,
        0.1925,
        0.1884375,
        0.215,
        0.206875,
        0.1934375,
        0.2103125,
        0.2003125,
        0.2046875,
        0.2034375,
        0.2065625,
        0.2028125,
        0.2059375,
        0.2103125,
        0.2171875,
        0.2109375,
        0.2053125,
        0.2071875,
        0.19375,
        0.1984375,
        0.2153125,
        0.2021875,
        0.219375,
        0.20375,
        0.2,
        0.2071875,
        0.2040625,
        0.2078125,
        0.201875,
        0.1903125,
        0.200625,
        0.204375,
        0.2128125,
        0.20125,
        0.2040625,
        0.2134375
      ],
      "slot_counts": [
        0,
        0,
        0,
        0,
        0,
        0,
        0,
        0,
        0,
        0,
        0,
        0,
        0,
        0,
        0,
        0,
        0,
        0,
        0,
        0,
        0,
        0,
        0,
        0,
        0,
        0,
        0,
        0,
        0,
        0,
        0,
        0,
        0,
        0,
        0,
        0,
        0,
        0,
        0,
        0,
        0,
        0,
        0,
        0,
        0,
        0,
        0,
        0,
        0,
        0
      ],
      "nan_count": 0
    },
    "16": {
      "final_acc": 0.136875,
      "final_loss": 2.997437000274658,
      "acc_history": [
        0.0346875,
        0.0378125,
        0.05,
        0.0634375,
        0.065,
        0.0678125,
        0.0834375,
        0.0846875,
        0.0796875,
        0.089375,
        0.0990625,
        0.0896875,
        0.089375,
        0.093125,
        0.0971875,
        0.104375,
        0.1021875,
        0.1078125,
        0.1071875,
        0.1196875,
        0.115,
        0.1115625,
        0.1215625,
        0.1253125,
        0.1265625,
        0.1228125,
        0.1215625,
        0.125,
        0.126875,
        0.1359375,
        0.119375,
        0.1265625,
        0.1275,
        0.1346875,
        0.1190625,
        0.135,
        0.1259375,
        0.129375,
        0.138125,
        0.12625,
        0.13375,
        0.1321875,
        0.1375,
        0.135625,
        0.1434375,
        0.1303125,
        0.1290625,
        0.1359375,
        0.1328125,
        0.136875
      ],
      "slot_counts": [
        0,
        0,
        0,
        0,
        0,
        0,
        0,
        0,
        0,
        0,
        0,
        0,
        0,
        0,
        0,
        0,
        0,
        0,
        0,
        0,
        0,
        0,
        0,
        0,
        0,
        0,
        0,
        0,
        0,
        0,
        0,
        0,
        0,
        0,
        0,
        0,
        0,
        0,
        0,
        0,
        0,
        0,
        0,
        0,
        0,
        0,
        0,
        0,
        0,
        0
      ],
      "nan_count": 0
    },
    "32": {
      "final_acc": 0.0671875,
      "final_loss": 3.4388513565063477,
      "acc_history": [
        0.02875,
        0.0321875,
        0.035,
        0.036875,
        0.0328125,
        0.0421875,
        0.035,
        0.0396875,
        0.0484375,
        0.054375,
        0.0525,
        0.0465625,
        0.0484375,
        0.04875,
        0.04625,
        0.0571875,
        0.0559375,
        0.0509375,
        0.056875,
        0.06125,
        0.0609375,
        0.0575,
        0.0590625,
        0.064375,
        0.061875,
        0.06,
        0.053125,
        0.0575,
        0.069375,
        0.07125,
        0.0659375,
        0.0653125,
        0.071875,
        0.0621875,
        0.0678125,
        0.0684375,
        0.0671875,
        0.0740625,
        0.07375,
        0.0709375,
        0.0825,
        0.0715625,
        0.0690625,
        0.0771875,
        0.080625,
        0.078125,
        0.07,
        0.0821875,
        0.0784375,
        0.0671875
      ],
      "slot_counts": [
        0,
        0,
        0,
        0,
        0,
        0,
        0,
        0,
        0,
        0,
        0,
        0,
        0,
        0,
        0,
        0,
        0,
        0,
        0,
        0,
        0,
        0,
        0,
        0,
        0,
        0,
        0,
        0,
        0,
        0,
        0,
        0,
        0,
        0,
        0,
        0,
        0,
        0,
        0,
        0,
        0,
        0,
        0,
        0,
        0,
        0,
        0,
        0,
        0,
        0
      ],
      "nan_count": 0
    }
  },
  "ntm_lite": {
    "4": {
      "final_acc": 0.300625,
      "final_loss": 1.445086121559143,
      "acc_history": [
        0.0503125,
        0.21875,
        0.265625,
        0.2984375,
        0.2775,
        0.2959375,
        0.29375,
        0.2896875,
        0.2915625,
        0.2975,
        0.2871875,
        0.2959375,
        0.293125,
        0.285,
        0.290625,
        0.299375,
        0.28625,
        0.2946875,
        0.295625,
        0.2765625,
        0.29125,
        0.2825,
        0.2796875,
        0.3015625,
        0.30125,
        0.299375,
        0.285,
        0.29,
        0.288125,
        0.3103125,
        0.3078125,
        0.2815625,
        0.294375,
        0.309375,
        0.2865625,
        0.3009375,
        0.2853125,
        0.300625,
        0.2946875,
        0.293125,
        0.2965625,
        0.2934375,
        0.2909375,
        0.2921875,
        0.2834375,
        0.2878125,
        0.286875,
        0.2934375,
        0.286875,
        0.300625
      ],