{
  "K4_hd32": {
    "K": 4,
    "hd": 32,
    "lstm_accs": [
      0.2934,
      0.2784,
      0.2923,
      0.2991,
      0.2851
    ],
    "amm_accs": [
      0.9597,
      0.9745,
      0.9683,
      0.9645,
      0.957
    ],
    "lstm_mean": 0.2896,
    "amm_mean": 0.9648,
    "delta_mean": 0.6752,
    "delta_std": 0.0125,
    "wilcoxon_p": 0.03125,
    "cohens_d": 54.0204
  },
  "K4_hd128": {
    "K": 4,
    "hd": 128,
    "lstm_accs": [
      0.2906,
      0.2834,
      0.2959,
      0.3035,
      0.2841
    ],
    "amm_accs": [
      0.9375,
      0.9623,
      0.952,
      0.9401,
      0.9454
    ],
    "lstm_mean": 0.2915,
    "amm_mean": 0.9474,
    "delta_mean": 0.6559,
    "delta_std": 0.0159,
    "wilcoxon_p": 0.03125,
    "cohens_d": 41.2829
  },
  "K8_hd32": {
    "K": 8,
    "hd": 32,
    "lstm_accs": [
      0.1959,
      0.1873,
      0.195,
      0.188,
      0.1868
    ],
    "amm_accs": [
      0.9994,
      1.0,
      0.9995,
      0.9993,
      0.9998
    ],
    "lstm_mean": 0.1906,
    "amm_mean": 0.9996,
    "delta_mean": 0.809,
    "delta_std": 0.0047,
    "wilcoxon_p": 0.03125,
    "cohens_d": 173.7333
  },
  "K8_hd128": {
    "K": 8,
    "hd": 128,
    "lstm_accs": [
      0.2043,
      0.1985,
      0.2051,
      0.2002,
      0.1991
    ],
    "amm_accs": [
      0.9955,
      0.9917,
      0.996,
      0.997,
      0.9973
    ],
    "lstm_mean": 0.2015,
    "amm_mean": 0.9955,
    "delta_mean": 0.7941,
    "delta_std": 0.0033,
    "wilcoxon_p": 0.03125,
    "cohens_d": 240.8423
  },
  "K16_hd32": {
    "K": 16,
    "hd": 32,
    "lstm_accs": [
      0.1209,
      0.1231,
      0.1216,
      0.1208,
      0.1173
    ],
    "amm_accs": [
      1.0,
      1.0,
      1.0,
      1.0,
      1.0
    ],
    "lstm_mean": 0.1207,
    "amm_mean": 1.0,
    "delta_mean": 0.8793,
    "delta_std": 0.0021,
    "wilcoxon_p": 0.03125,
    "cohens_d": 415.4715
  },
  "K16_hd128": {
    "K": 16,
    "hd": 128,
    "lstm_accs": [
      0.1385,
      0.1367,
      0.1363,
      0.136,
      0.1357
    ],
    "amm_accs": [
      1.0,
      1.0,
      0.9999,
      1.0,
      1.0
    ],
    "lstm_mean": 0.1367,
    "amm_mean": 1.0,
    "delta_mean": 0.8633,
    "delta_std": 0.0011,
    "wilcoxon_p": 0.03125,
    "cohens_d": 784.7377
  }
}